Requirement ID,Requirement Name,Requirement Description,,
REQ001,F01_Currency Selection,The system shall allow users to select their preferred currency from a dropdown menu for localized pricing.,,
REQ002,F02_User Authentication,"The system shall provide functionality for users to register, log in, and manage their accounts securely.",,
REQ003,F03_Wishlist Feature,The system shall allow logged-in users to add items to a wishlist for future reference.,,
REQ004,F04_Shopping Cart,"The system shall provide a shopping cart feature where users can add, update, and remove products before checkout.",,
REQ005,F05_Search Functionality,The system shall allow users to search for products using a search bar with autocomplete suggestions.,,
REQ006,F06_Product Categories,"The system shall display main product categories (e.g., Computers, Electronics, Apparel, Digital Downloads, Books, Jewelry, Gift Cards) for easy navigation.",,
REQ007,F07_Homepage Banner,The system shall display promotional banners on the homepage to highlight featured products and offers.,,
REQ008,F08_Product Listings,"The system shall display product images, descriptions, and prices in categorized sections on the homepage.",,
REQ009,F09_Learn More Button,The system shall provide a 'Learn More' button on promotional banners that redirects users to detailed product pages.,,
REQ010,F10_Online Documentation,The system shall provide a documentation link for users to access guides and FAQs about the platform.,,
REQ011,F11_Forum Access,The system shall provide a link to the nopCommerce forums where users can engage in discussions and seek support.,,
REQ012,F12_Multi-Item Carousel,The system shall support a product carousel feature to showcase multiple promotional items dynamically.,,
REQ013,F13_Customer Support Integration,The system shall provide a contact link or customer support access for user inquiries and issues.,,
REQ014,F14_Product Search,The system shall allow users to search for products using a keyword input field.,,
REQ015,F15_Advanced Search,The system shall provide an 'Advanced Search' option to refine search results based on additional criteria.,,
REQ016,F16_Search Results Display,"The system shall display search results with product images, names, and prices.",,
REQ017,F17_Add to Cart,The system shall allow users to add a product to the shopping cart from the search results page.,,
REQ018,F18_Product Sorting,"The system shall allow users to sort search results based on criteria such as price, relevance, and ratings.",,
REQ019,F19_Results Per Page,"The system shall allow users to choose the number of results displayed per page (e.g., 6, 12, etc.).",,
REQ020,F20_Product Ratings,The system shall display product ratings based on customer reviews.,,
REQ021,F21_Product Categories,The system shall provide a sidebar listing product categories for quick navigation.,,
REQ022,F22_Manufacturers Filter,"The system shall allow users to filter search results by manufacturer (e.g., Apple, HP).",,
REQ023,F23_Popular Tags,The system shall provide a 'Popular Tags' section to help users discover products based on trending keywords.,,
REQ024,F24_Currency Selection,The system shall allow users to select a preferred currency for price display.,,
REQ025,F25_Grid and List View,The system shall provide options to switch between grid and list views for search results.,,
REQ026,F26_User Account Access,"The system shall provide access to user authentication features, including login and registration, from the header.",,
REQ027,F27_Wishlist Functionality,The system shall allow logged-in users to add products to a wishlist from the search results.,,
REQ028,F28_Product Details Display,"The system shall display detailed product information, including name, image, description, specifications, and price.",,
REQ029,F29_Add to Cart,The system shall allow users to add the selected product to the shopping cart.,,
REQ030,F30_Quantity Selection,The system shall allow users to specify the quantity of the product before adding it to the cart.,,
REQ031,F31_Add to Wishlist,The system shall provide an option for logged-in users to add the product to their wishlist.,,
REQ032,F32_Compare Products,The system shall allow users to add the product to a comparison list.,,
REQ033,F33_Email a Friend,The system shall allow users to share product details via email.,,
REQ034,F34_Breadcrumb Navigation,The system shall provide breadcrumb navigation to help users track their location within the site hierarchy.,,
REQ035,F35_Product Ratings,The system shall display product ratings and reviews.,,
REQ036,F36_Review Submission,The system shall allow only registered users to submit reviews.,,
REQ037,F37_Shipping Selection,The system shall provide an option for users to select the address they want to ship to before adding the product to the cart.,,
REQ038,F38_Product SKU,The system shall display the SKU (Stock Keeping Unit) for the product.,,
REQ039,F39_Shopping Cart Display,"The system shall display the shopping cart with product details, including SKU, image, name, price, quantity, total price, and remove option.",,
REQ040,F40_Update Quantity,The system shall allow users to update the quantity of items in the shopping cart.,,
REQ041,F41_Remove Item,The system shall allow users to remove items from the shopping cart.,,
REQ042,F42_Gift Wrapping Option,The system shall provide an option to select gift wrapping for products in the shopping cart.,,
REQ043,F43_Apply Coupon,The system shall allow users to apply discount codes to their order.,,
REQ044,F44_Apply Gift Card,The system shall allow users to redeem gift cards by entering a gift card code.,,
REQ045,F45_Continue Shopping,The system shall provide a 'Continue Shopping' button to allow users to return to product browsing.,,
REQ046,F46_Estimate Shipping,The system shall provide an 'Estimate Shipping' button to calculate potential shipping costs before checkout.,,
REQ047,F47_Order Summary,"The system shall display an order summary, including sub-total, shipping cost, tax, and total amount.",,
REQ048,F48_Checkout Process,The system shall provide a 'Checkout' button for users to proceed to the checkout process.,,
REQ049,F49_Terms of Service Agreement,The system shall require users to agree to the terms of service before proceeding to checkout.,,
REQ050,F50_Guest Checkout,The system shall allow users to proceed to checkout as a guest without requiring account registration.,,
REQ051,F51_User Registration,The system shall provide a registration option for users to create an account for future convenience.,,
REQ052,F52_Login Functionality,The system shall provide a login form for returning customers to access their accounts.,,
REQ053,F53_Remember Me Option,The system shall provide a 'Remember Me' checkbox to allow users to stay logged in on future visits.,,
REQ054,F54_Forgot Password,The system shall provide a 'Forgot Password' link for users to reset their password if needed.,,
REQ055,F55_Email and Password Validation,The system shall validate email and password fields to ensure correct user input.,,
REQ056,F56_Authentication Security,The system shall implement security measures such as encryption and protection against brute-force attacks during login.,,
REQ057,F57_Login Error Messages,The system shall display appropriate error messages when invalid credentials are entered.,,
REQ058,F58_Checkout as Guest Button,The system shall provide a button to allow users to continue to checkout as a guest.,,
REQ059,F59_Register Button,The system shall provide a button to allow new users to register for an account.,,
REQ060,F60_Login Button,The system shall provide a button to allow returning users to log in.,,
REQ061,F61_Billing Address Form,"The system shall provide a form for users to enter their billing address details, including first name, last name, email, company, country, state, city, address, postal code, phone number, and fax number.",,
REQ062,F62_Mandatory Fields,The system shall enforce mandatory fields (marked with an asterisk) to ensure essential billing information is provided before proceeding.,,
REQ063,F63_Country and State Selection,The system shall provide dropdown menus for selecting country and state to ensure proper address format.,,
REQ064,F64_Ship to Same Address,The system shall provide an option for users to use the same billing address for shipping.,,
REQ065,F65_Continue Button,The system shall provide a 'Continue' button to proceed to the next step in the checkout process.,,
REQ066,F66_Form Validation,The system shall validate all entered information to ensure completeness and correct formatting before allowing the user to continue.,,
REQ067,F67_Email Format Validation,The system shall verify that the email address entered follows a valid email format.,,
REQ068,F68_Zip Code Validation,The system shall validate the zip/postal code based on the selected country.,,
REQ069,F69_International Address Support,The system shall support international addresses by allowing users to select their country and input the appropriate details.,,
REQ070,F70_Shipping Method Selection,"The system shall allow users to select a shipping method from available options (e.g., Ground, Next Day Air, 2nd Day Air).",,
REQ071,F71_Shipping Method Description,The system shall provide a brief description of each shipping method to inform users about the delivery type.,,
REQ072,F72_Default Shipping Selection,The system shall pre-select a default shipping method for user convenience.,,
REQ073,F73_Navigation Back Button,The system shall provide a 'Back' button to allow users to return to the previous step in the checkout process.,,
REQ074,F74_Continue Button,The system shall provide a 'Continue' button to allow users to proceed to the next step in the checkout process.,,
REQ075,F75_Shipping Cost Display,The system shall display the cost of each shipping method (even if $0.00) to ensure transparency in pricing.,,
REQ076,F76_Validation of Selection,The system shall ensure that a shipping method is selected before allowing users to continue to the next step.,,
REQ077,F77_Payment Method Selection,"The system shall allow users to select a payment method from available options (e.g., Check/Money Order, Credit Card).",,
REQ078,F78_Payment Method Description,The system shall provide a brief description of each payment method to inform users about the payment process.,,
REQ079,F79_Default Payment Selection,The system shall pre-select a default payment method for user convenience.,,
REQ080,F80_Navigation Back Button,The system shall provide a 'Back' button to allow users to return to the previous step in the checkout process.,,
REQ081,F81_Continue Button,The system shall provide a 'Continue' button to allow users to proceed to the next step in the checkout process.,,
REQ082,F82_Validation of Selection,The system shall ensure that a payment method is selected before allowing users to continue to the next step.,,
REQ083,F83_Select Credit Card Type,The system shall allow users to select a credit card type from a dropdown menu.,,
REQ084,F84_Cardholder Name Input,The system shall provide an input field for users to enter the name on the credit card.,,
REQ085,F85_Card Number Input,The system shall provide an input field for users to enter their credit card number.,,
REQ086,F86_Expiration Date Selection,The system shall provide dropdown menus for users to select the expiration month and year of the credit card.,,
REQ087,F87_Card Security Code Input,The system shall provide an input field for users to enter the card's security code (CVV).,,
REQ088,F88_Navigation Back Button,The system shall provide a 'Back' button to allow users to return to the previous step in the checkout process.,,
REQ089,F89_Continue Button,The system shall provide a 'Continue' button to allow users to proceed to the next step in the checkout process.,,
REQ090,F90_Form Validation,The system shall validate all credit card details before allowing users to proceed to the next step.,,
REQ091,F91_Secure Payment Processing,The system shall ensure secure handling of credit card information using encryption and compliance with PCI DSS.,,
REQ092,F93_Product Details,"The system shall display details of the ordered products, including SKU, image, product name, price, quantity, and total cost.",,
REQ093,F94_Order Total Calculation,"The system shall calculate and display the order total, including subtotal, shipping cost, tax, and final total amount.",,
REQ094,F95_Back Navigation,The system shall provide a 'Back' button to allow users to return to the previous step in the checkout process.,,
REQ095,F97_Billing and Shipping Address Validation,The system shall validate that billing and shipping addresses are correctly displayed before order confirmation.,,
REQ096,F98_Payment Method Display,The system shall display the selected payment method for user verification before order confirmation.,,
REQ097,F99_Shipping Method Display,The system shall display the selected shipping method for user verification before order confirmation.,,
REQ098,F100_Order Verification Step,The system shall ensure that all order details are correct before allowing users to confirm the order.,,
REQ099,F101_Order Details Summary,"The system shall display a summary of the order, including order number, order date, order status, and total order amount.",,
REQ100,F102_Billing and Shipping Address Display,The system shall display the billing and shipping address details of the user.,,
REQ101,F103_Payment Method Display,The system shall display the selected payment method and its current status.,,
REQ102,F104_Shipping Method Display,The system shall display the selected shipping method and its current status.,,
REQ103,F105_Product Details,"The system shall display details of the purchased products, including SKU, image, product name, price, quantity, and total cost.",,
REQ104,F106_Print Order,The system shall provide a 'Print' button to allow users to print their order details.,,
REQ105,F107_PDF Invoice Generation,The system shall provide a 'PDF Invoice' button to allow users to download their order invoice as a PDF.,,
REQ106,F108_Reorder Option,The system shall provide a 'Re-order' button to allow users to place the same order again.,,
REQ107,F109_Order Status Tracking,"The system shall display the current status of the order (e.g., pending, shipped).",,
REQ108,F110_Sitemap Display,The system shall provide a sitemap page that lists all key sections and categories of the website.,,
REQ109,F111_General Section Links,"The system shall display links to general pages such as Home, Search, News, Blog, Contact Us, and My Account.",,
REQ110,F112_Category Section,"The system shall list product categories such as Computers, Electronics, Apparel, Digital Downloads, Books, Jewelry, and Gift Cards.",,
REQ111,F113_Manufacturer Section,"The system shall provide a section listing available manufacturers (e.g., Apple, HP, Nike).",,
REQ112,F114_Hyperlinked Navigation,The system shall ensure that all sitemap entries are clickable links that direct users to the corresponding sections.,,
REQ113,F115_Search Engine Optimization (SEO),The system shall support search engine indexing of the sitemap for improved discoverability.,,
REQ114,F116_Responsive Design,The system shall ensure the sitemap page is responsive and accessible on both desktop and mobile devices.,,
REQ115,F117_Accessibility Compliance,The system shall comply with web accessibility standards to ensure usability for all users.,,
REQ116,F118_Sitemap Description,The system shall provide a brief description at the top of the sitemap page explaining its purpose.,,
REQ117,F119_User Registration Form,The system shall provide a registration form for users to create an account.,,
REQ118,F120_Gender Selection,The system shall allow users to select their gender (Male/Female).,,
REQ119,F121_Personal Details Input,"The system shall provide input fields for first name, last name, date of birth, and email address.",,
REQ120,F122_Mandatory Fields Validation,The system shall enforce mandatory fields (marked with an asterisk) to ensure essential details are provided.,,
REQ121,F123_Company Details Input,The system shall provide an optional input field for users to enter their company name.,,
REQ122,F124_Newsletter Subscription,The system shall provide an option for users to subscribe to newsletters.,,
REQ123,F125_Password Creation,The system shall allow users to create a password with input fields for password and confirm password.,,
REQ124,F126_Password Strength Validation,The system shall validate password strength to ensure secure account creation.,,
REQ125,F127_Registration Button,The system shall provide a 'Register' button to submit the registration form.,,
REQ126,F128_Wishlist Display,The system shall provide a wishlist page displaying saved products.,,
REQ127,F129_Add to Cart from Wishlist,The system shall allow users to select items from their wishlist and add them to the shopping cart.,,
REQ128,F130_Product Details in Wishlist,"The system shall display product details in the wishlist, including SKU, image, name, price, quantity, and total.",,
REQ129,F131_Update Wishlist,The system shall allow users to update their wishlist to modify item quantities.,,
REQ130,F132_Remove Item from Wishlist,The system shall provide a remove button to allow users to delete items from their wishlist.,,
REQ131,F133_Share Wishlist,The system shall generate a unique URL for users to share their wishlist with others.,,
REQ132,F134_Email Wishlist,The system shall allow users to email their wishlist to a friend.,,
REQ133,F135_Contact Form,The system shall provide a contact form for users to submit inquiries.,,
REQ134,F136_Name Input,The system shall provide an input field for users to enter their name.,,
REQ135,F137_Email Input,The system shall provide an input field for users to enter their email address.,,
REQ136,F138_Enquiry Input,The system shall provide a text area for users to enter their inquiry message.,,
REQ137,F139_Mandatory Fields Validation,The system shall enforce mandatory fields (marked with an asterisk) to ensure essential details are provided before form submission.,,
REQ138,F140_Submit Button,The system shall provide a 'Submit' button to allow users to send their inquiries.,,
REQ139,F141_Email Notification,The system shall send an email notification to the support team when an inquiry is submitted.,,
REQ140,F142_News Page Display,The system shall provide a news page displaying recent updates and announcements.,,
REQ141,F143_News Title and Date,The system shall display the title and publication date of each news article.,,
REQ142,F144_News Description,The system shall display a summary of each news article below its title.,,
REQ143,F145_Details Button,"The system shall provide a 'Details' button for each news article, allowing users to view the full content.",,
REQ144,F146_RSS Feed Subscription,The system shall provide an RSS feed link to allow users to subscribe to news updates.,,
REQ145,F147_News Sorting,The system shall display news articles in reverse chronological order (newest first).,,
REQ146,F148_Blog Page Display,The system shall provide a blog page displaying recent blog posts.,,
REQ147,F149_Blog Title and Date,The system shall display the title and publication date of each blog post.,,
REQ148,F150_Blog Content Preview,The system shall display a short preview of each blog post below its title.,,
REQ149,F151_Details Button,"The system shall provide a 'Details' button for each blog post, allowing users to view the full content.",,
REQ150,F152_Comments Section,The system shall display the number of comments for each blog post and allow users to interact with posts.,,
REQ151,F153_Tagging System,The system shall support blog post tags to help users filter and find relevant content.,,
REQ152,F154_Blog Archive,The system shall provide a blog archive allowing users to browse posts by date.,,
REQ153,F155_RSS Feed Subscription,The system shall provide an RSS feed link to allow users to subscribe to blog updates.,,
